time, position, , , velocity, , ,acceleration, , 
, x, y, s, x, y, s, x, y, s, 
,0.761905,3.365079, ,0,,0.761905,3.361159, ,0,,0.761905,3.353319, ,0,,0.761905,3.341559, ,0,,0.761905,3.325879, ,0,,0.761905,3.306279, ,0,,0.761905,3.282759, ,0,,0.761905,3.255319, ,0,,0.761905,3.223959, ,0,,0.761905,3.188679, ,0,,0.761905,3.149479, ,0,,0.761905,3.106359, ,0,,0.761905,3.059319, ,0,,0.761905,3.008359, ,0,,0.761905,2.953479, ,0,,0.761905,2.894679, ,0,,0.761905,2.831959, ,0,,0.761905,2.765319, ,0,,0.761905,2.694759, ,0,,0.761905,2.620279, ,0,,0.761905,2.541879, ,0,,0.761905,2.459559, ,0,,0.761905,2.373319, ,0,,0.761905,2.283159, ,0,,0.761905,2.189079, ,0,,0.761905,2.091079, ,0,,0.761905,1.989159, ,0,,0.761905,1.883319, ,0,,0.761905,1.773559, ,0,,0.761905,1.659879, ,0,,0.761905,1.542279, ,0,,0.761905,1.420759, ,0,,0.761905,1.295319, ,0,,0.761905,1.165959, ,0,,0.761905,1.032679, ,0,,0.761905,0.895479, ,0,,0.761905,0.7543588, ,0,,0.761905,0.6093187, ,0,,0.761905,0.4603589, ,0,,0.761905,0.3074787, ,0,,0.761905,0.1506786, ,0,,0.761905,-0.01004124, ,0,,0.761905,-0.1746814, ,0,,0.761905,-0.3432415, ,0,,0.761905,-0.5157213, ,0,,0.761905,-0.6921215, ,0,,0.761905,-0.8724413, ,0,,0.761905,-1.056682, ,0,,0.761905,-1.244842, ,0,,0.761905,-1.436922, ,0,,0.761905,-1.632922, ,0,,0.761905,-1.832842, ,0,,0.761905,-2.036682, ,0,,0.761905,-2.244442, ,0,,0.761905,-2.456122, ,0,